521,SLCC564,"Kayanne et al. 2002",-,"Barrier reef, Palau Islands",7.41667,134.3500,1,5870,90,6181.0,6414.0,5948.0,"tabular Acropora. bioclastic sand & gravel","bioclastic sand & gravel. massive porites","tabular Acropora",n/a,n/a,n/a,1," drill core",n/a,n/a,n/a,n/a,0.01,n/a,n/a,n/a,0.5,0.0,n/A,0.10,n/a,n/a,n/a,n/a,n/a,-2.50,midpoint,0.51,0.51,-1.23103802334,n/a,n/a,-0.734184688749,-0.534841602094,0.006355511070580,0.547552624235,0.617505235219,n/a,n/a,0.959206918888,-1,1,"marine limiting","algal crust","below MTL",n/a,n/a,0.05,0.05,n/a,n/a,n/a,n/a,n/a,n/a,n/a,n/a,0.51,0.51,n/a,n/a,n/a,n/a,0,n/a,JGS-415
522,SLCC565,"Kayanne et al. 2002",-,"Barrier reef, Palau Islands",7.41667,134.3500,1,6600,90,7015.0,7257.0,6773.0,"tabular Acropora","tabular Acropora. bioclastic sand & gravel","bioclastic sand. gravel. robust branches of Acropora",n/a,n/a,n/a,1," drill core",n/a,n/a,n/a,n/a,0.01,n/a,n/a,n/a,0.5,0.0,n/A,0.10,n/a,n/a,n/a,n/a,n/a,-4.40,midpoint,0.51,0.51,-1.23103802334,n/a,n/a,-0.734184688749,-0.534841602094,0.006355511070580,0.547552624235,0.617505235219,n/a,n/a,0.959206918888,-1,1,"marine limiting","Acropora (tabular)","below MTL",n/a,n/a,0.05,0.05,n/a,n/a,n/a,n/a,n/a,n/a,n/a,n/a,0.51,0.51,n/a,n/a,n/a,n/a,0,n/a,JGS-412
523,SLCC566,"Kayanne et al. 2002",-,"Barrier reef, Palau Islands",7.41667,134.3500,1,6720,80,7155.5,7374.0,6937.0,"bioclastic sand. gravel. robust branches of Acropora","tabular Acropora","bioclastic sand. robust branches of Acropora. Halimeda segments. gravel",n/a,n/a,n/a,1," drill core",n/a,n/a,n/a,n/a,0.01,n/a,n/a,n/a,0.5,0.0,n/A,0.10,n/a,n/a,n/a,n/a,n/a,-6.80,midpoint,0.51,0.51,-1.23103802334,n/a,n/a,-0.734184688749,-0.534841602094,0.006355511070580,0.547552624235,0.617505235219,n/a,n/a,0.959206918888,-1,1,"marine limiting","Acropora (branch)","below MTL",n/a,n/a,0.05,0.05,n/a,n/a,n/a,n/a,n/a,n/a,n/a,n/a,0.51,0.51,n/a,n/a,n/a,n/a,0,n/a,JGS-416
524,SLCC567,"Kayanne et al. 2002",-,"Barrier reef, Palau Islands",7.41667,134.3500,1,6860,80,7308.5,7495.0,7122.0,"bioclastic sand. robust branches of Acropora. Halimeda segments","bioclastic sand. Halimeda segments. gravel. robust branches of Acropora","Bioclastic sand. mud. robust branches of Acropora",n/a,n/a,n/a,1," drill core",n/a,n/a,n/a,n/a,0.01,n/a,n/a,n/a,0.5,0.0,n/A,0.10,n/a,n/a,n/a,n/a,n/a,-12.00,midpoint,0.51,0.51,-1.23103802334,n/a,n/a,-0.734184688749,-0.534841602094,0.006355511070580,0.547552624235,0.617505235219,n/a,n/a,0.959206918888,-1,1,"marine limiting","Acropora (branch)","below MTL",n/a,n/a,0.05,0.05,n/a,n/a,n/a,n/a,n/a,n/a,n/a,n/a,0.51,0.51,n/a,n/a,n/a,n/a,0,n/a,JGS-417
525,SLCC568,"Kayanne et al. 2002",-,"Barrier reef, Palau Islands",7.41667,134.3500,1,7830,90,8198.5,8407.0,7990.0,"Bioclastic sand & gravel. mud. robust branches of Acropora","bioclastic sand. robust branches of Acropora. Halimeda segments","Pleistocene reef",n/a,n/a,n/a,0," drill core",n/a,n/a,n/a,n/a,0.01,n/a,n/a,n/a,0.5,0.0,n/A,0.10,n/a,n/a,n/a,n/a,n/a,-15.10,midpoint,0.51,0.51,-1.23103802334,n/a,n/a,-0.734184688749,-0.534841602094,0.006355511070580,0.547552624235,0.617505235219,n/a,n/a,0.959206918888,-1,1,"marine limiting",Porites,"below MTL",n/a,n/a,0.05,0.05,n/a,n/a,n/a,n/a,n/a,n/a,n/a,n/a,0.51,0.51,n/a,n/a,n/a,n/a,0,n/a,JGS-413
526,SLCC569,"Kayanne et al. 2002",-,"Barrier reef, Palau Islands",7.41667,134.3500,1,modern,modern,modern,modern,modern,"bioclastic sand. massive Porites","massive porites","bioclastic sand & gravel. massive Porites. molluscs",n/a,n/a,n/a,1," drill core",n/a,n/a,n/a,n/a,0.01,n/a,n/a,n/a,0.5,0.0,n/A,0.10,n/a,n/a,n/a,n/a,n/a,-2.00,midpoint,0.51,0.51,-1.23103802334,n/a,n/a,-0.734184688749,-0.534841602094,0.006355511070580,0.547552624235,0.617505235219,n/a,n/a,0.959206918888,-1,1,"marine limiting","Porites (massive)","below MTL",n/a,n/a,0.05,0.05,n/a,n/a,n/a,n/a,n/a,n/a,n/a,n/a,0.51,0.51,n/a,n/a,n/a,n/a,1,"too young",JGS-432
527,SLCC570,"Kayanne et al. 2002",-,"Barrier reef, Palau Islands",7.41667,134.3500,1,2700,60,2343.5,2592.0,2095.0,"bioclastic sand & gravel. thin branches. massive Porites. molluscs","bioclastic sand. massive Porites","bioclastic sand & gravel. thin branches. molluscs",n/a,n/a,n/a,1," drill core",n/a,n/a,n/a,n/a,0.01,n/a,n/a,n/a,0.5,0.0,n/A,0.10,n/a,n/a,n/a,n/a,n/a,-5.00,midpoint,0.51,0.51,-1.23103802334,n/a,n/a,-0.734184688749,-0.534841602094,0.006355511070580,0.547552624235,0.617505235219,n/a,n/a,0.959206918888,-1,1,"marine limiting","Porites (massive)","below MTL",n/a,n/a,0.05,0.05,n/a,n/a,n/a,n/a,n/a,n/a,n/a,n/a,0.51,0.51,n/a,n/a,n/a,n/a,0,n/a,JGS-414
528,SLCC571,"Kayanne et al. 2002",-,"Barrier reef, Palau Islands",7.41667,134.3500,1,4400,110,4468.5,4800.0,4137.0,"bioclastic sand & gravel. thin branches. Halimeda segments","bioclastic sand & gravel. thin branches. molluscs","bioclastic sand & gravel. thin branches. massive Porites",n/a,n/a,n/a,1," drill core",n/a,n/a,n/a,n/a,0.01,n/a,n/a,n/a,0.5,0.0,n/A,0.10,n/a,n/a,n/a,n/a,n/a,-9.30,midpoint,0.51,0.51,-1.23103802334,n/a,n/a,-0.734184688749,-0.534841602094,0.006355511070580,0.547552624235,0.617505235219,n/a,n/a,0.959206918888,-1,1,"marine limiting","Montipora (plate)","below MTL",n/a,n/a,0.05,0.05,n/a,n/a,n/a,n/a,n/a,n/a,n/a,n/a,0.51,0.51,n/a,n/a,n/a,n/a,0,n/a,JGS-429
529,SLCC572,"Kayanne et al. 2002",-,"Barrier reef, Palau Islands",7.41667,134.3500,1,5580,70,5888.5,6112.0,5665.0,"bioclastic sand & gravel. thin branches. massive Porites","bioclastic sand & gravel. thin branches. Halimeda segments","bioclastic sand & gravel. thin branches",n/a,n/a,n/a,1," drill core",n/a,n/a,n/a,n/a,0.01,n/a,n/a,n/a,0.5,0.0,n/A,0.10,n/a,n/a,n/a,n/a,n/a,-12.20,midpoint,0.51,0.51,-1.23103802334,n/a,n/a,-0.734184688749,-0.534841602094,0.006355511070580,0.547552624235,0.617505235219,n/a,n/a,0.959206918888,-1,1,"marine limiting","Acropora (branch)","below MTL",n/a,n/a,0.05,0.05,n/a,n/a,n/a,n/a,n/a,n/a,n/a,n/a,0.51,0.51,n/a,n/a,n/a,n/a,0,n/a,JGS-430
530,SLCC573,"Kayanne et al. 2002",-,"Barrier reef, Palau Islands",7.41667,134.3500,1,6870,90,7310.5,7516.0,7105.0,"bioclastic sand & gravel. thin branches","bioclastic sand & gravel. thin branches","bioclastic gravel. thin branches until Pleistocene reef",n/a,n/a,n/a,0," drill core",n/a,n/a,n/a,n/a,0.01,n/a,n/a,n/a,0.5,0.0,n/A,0.10,n/a,n/a,n/a,n/a,n/a,-15.30,midpoint,0.51,0.51,-1.23103802334,n/a,n/a,-0.734184688749,-0.534841602094,0.006355511070580,0.547552624235,0.617505235219,n/a,n/a,0.959206918888,-1,1,"marine limiting","Acropora (branch)","below MTL",n/a,n/a,0.05,0.05,n/a,n/a,n/a,n/a,n/a,n/a,n/a,n/a,0.51,0.51,n/a,n/a,n/a,n/a,0,n/a,JGS-418
531,SLCC574,"Kayanne et al. 2002",-,"Patch reef, Palau Islands",7.36667,134.3833,1,520,60,"too young","too young","too young","massive porites","bioclastic gravel. massive porites","massive porites",n/a,n/a,n/a,1," drill core",n/a,n/a,n/a,n/a,0.01,n/a,n/a,n/a,0.5,0.0,n/A,0.10,n/a,n/a,n/a,n/a,n/a,-3.00,midpoint,0.51,0.51,-1.22895391939,n/a,n/a,-0.732805089135,-0.533161191088,0.006418807464260,0.545998806016,0.615976205799,n/a,n/a,0.95642121871,-1,1,"marine limiting","Porites (massive)","below MTL",n/a,n/a,0.05,0.05,n/a,n/a,n/a,n/a,n/a,n/a,n/a,n/a,0.51,0.51,n/a,n/a,n/a,n/a,1,"too young",JGS-421
532,SLCC575,"Kayanne et al. 2002",-,"Patch reef, Palau Islands",7.36667,134.3833,1,570,60,"too young","too young","too young","massive porites","massive porites","massive porites. bioclastic gravel",n/a,n/a,n/a,1," drill core",n/a,n/a,n/a,n/a,0.01,n/a,n/a,n/a,0.5,0.0,n/A,0.10,n/a,n/a,n/a,n/a,n/a,-3.90,midpoint,0.51,0.51,-1.22895391939,n/a,n/a,-0.732805089135,-0.533161191088,0.006418807464260,0.545998806016,0.615976205799,n/a,n/a,0.95642121871,-1,1,"marine limiting","Porites (massive)","below MTL",n/a,n/a,0.05,0.05,n/a,n/a,n/a,n/a,n/a,n/a,n/a,n/a,0.51,0.51,n/a,n/a,n/a,n/a,1,"too young",JGS-442
533,SLCC576,"Kayanne et al. 2002",-,"Patch reef, Palau Islands",7.36667,134.3833,1,4440,70,4534.5,4787.0,4282.0,"bioclastic gravel. massive porites","bioclastic gravel. massive porites","bioclastic gravel. massive porites",n/a,n/a,n/a,1," drill core",n/a,n/a,n/a,n/a,0.01,n/a,n/a,n/a,0.5,0.0,n/A,0.10,n/a,n/a,n/a,n/a,n/a,-5.90,midpoint,0.51,0.51,-1.22895391939,n/a,n/a,-0.732805089135,-0.533161191088,0.006418807464260,0.545998806016,0.615976205799,n/a,n/a,0.95642121871,-1,1,"marine limiting","Porites (massive)","below MTL",n/a,n/a,0.05,0.05,n/a,n/a,n/a,n/a,n/a,n/a,n/a,n/a,0.51,0.51,n/a,n/a,n/a,n/a,0,n/a,JGS-422
534,SLCC577,"Kayanne et al. 2002",-,"Patch reef, Palau Islands",7.36667,134.3833,1,4970,90,5176.0,5459.0,4893.0,"bioclastic sand. gravel. massive porites","bioclastic gravel. massive porites","bioclastic sand. gravel. Halimeda segments. mud",n/a,n/a,n/a,1," drill core",n/a,n/a,n/a,n/a,0.01,n/a,n/a,n/a,0.5,0.0,n/A,0.10,n/a,n/a,n/a,n/a,n/a,-9.60,midpoint,0.51,0.51,-1.22895391939,n/a,n/a,-0.732805089135,-0.533161191088,0.006418807464260,0.545998806016,0.615976205799,n/a,n/a,0.95642121871,-1,1,"marine limiting","Porites (massive)","below MTL",n/a,n/a,0.05,0.05,n/a,n/a,n/a,n/a,n/a,n/a,n/a,n/a,0.51,0.51,n/a,n/a,n/a,n/a,0,n/a,JGS-423
535,SLCC578,"Kayanne et al. 2002",-,"Patch reef, Palau Islands",7.36667,134.3833,1,5610,80,5934.5,6169.0,5700.0,"thin branches. bioclastic sand. gravel. Halimeda segments","bioclastic sand. gravel. Halimeda segments. mud","thin branches. bioclastic sand. gravel. Halimeda segments",n/a,n/a,n/a,1," drill core",n/a,n/a,n/a,n/a,0.01,n/a,n/a,n/a,0.5,0.0,n/A,0.10,n/a,n/a,n/a,n/a,n/a,-13.80,midpoint,0.51,0.51,-1.22895391939,n/a,n/a,-0.732805089135,-0.533161191088,0.006418807464260,0.545998806016,0.615976205799,n/a,n/a,0.95642121871,-1,1,"marine limiting","Porites (branch)","below MTL",n/a,n/a,0.05,0.05,n/a,n/a,n/a,n/a,n/a,n/a,n/a,n/a,0.51,0.51,n/a,n/a,n/a,n/a,0,n/a,JGS-424
536,SLCC579,"Kayanne et al. 2002",-,"Patch reef, Palau Islands",7.36667,134.3833,1,6390,80,6774.5,7020.0,6529.0,"thin branches. bioclastic sand. gravel. Halimeda segments","thin branches. bioclastic sand. gravel. Halimeda segments","mud. thin branches. bioclastic sand. gravel. Halimeda segments",n/a,n/a,n/a,1," drill core",n/a,n/a,n/a,n/a,0.01,n/a,n/a,n/a,0.5,0.0,n/A,0.10,n/a,n/a,n/a,n/a,n/a,-17.60,midpoint,0.51,0.51,-1.22895391939,n/a,n/a,-0.732805089135,-0.533161191088,0.006418807464260,0.545998806016,0.615976205799,n/a,n/a,0.95642121871,-1,1,"marine limiting","Porites (massive)","below MTL",n/a,n/a,0.05,0.05,n/a,n/a,n/a,n/a,n/a,n/a,n/a,n/a,0.51,0.51,n/a,n/a,n/a,n/a,0,n/a,JGS-425
537,SLCC580,"Kayanne et al. 2002",-,"Patch reef, Palau Islands",7.36667,134.3833,1,7380,80,7765.5,7946.0,7585.0,"mud. thin branches. bioclastic sand","mud. thin branches. bioclastic sand. gravel. Halimeda segments","bioclastic gravel. mud",n/a,n/a,n/a,1," drill core",n/a,n/a,n/a,n/a,0.01,n/a,n/a,n/a,0.5,0.0,n/A,0.10,n/a,n/a,n/a,n/a,n/a,-22.60,midpoint,0.51,0.51,-1.22895391939,n/a,n/a,-0.732805089135,-0.533161191088,0.006418807464260,0.545998806016,0.615976205799,n/a,n/a,0.95642121871,-1,1,"marine limiting","Acropora (branch)","below MTL",n/a,n/a,0.05,0.05,n/a,n/a,n/a,n/a,n/a,n/a,n/a,n/a,0.51,0.51,n/a,n/a,n/a,n/a,0,n/a,JGS-426
538,SLCC581,"Kayanne et al. 2002",-,"Patch reef, Palau Islands",7.36667,134.3833,1,7530,80,7918.0,8127.0,7709.0,"massive Porites. bioclastic gravel. mud","mud. thin branches. bioclastic sand (gravel)","Pleistocene reef",n/a,n/a,n/a,0," drill core",n/a,n/a,n/a,n/a,0.01,n/a,n/a,n/a,0.5,0.0,n/A,0.10,n/a,n/a,n/a,n/a,n/a,-24.60,midpoint,0.51,0.51,-1.22895391939,n/a,n/a,-0.732805089135,-0.533161191088,0.006418807464260,0.545998806016,0.615976205799,n/a,n/a,0.95642121871,-1,1,"marine limiting","Porites (massive)","below MTL",n/a,n/a,0.05,0.05,n/a,n/a,n/a,n/a,n/a,n/a,n/a,n/a,0.51,0.51,n/a,n/a,n/a,n/a,0,n/a,JGS-427
539,SLCC582,"Kayanne et al. 2002",-,"Barrier reef, Palau Islands",7.36667,134.3833,1,5600,110,5912.0,6189.0,5635.0,"Massive Porites. bioclastic sand","Tabular Acropora. bioclastic sand & gravel","bioclastic sand. massive porites",n/a,n/a,n/a,n/a," drill core",n/a,n/a,n/a,n/a,0.01,n/a,n/a,n/a,0.5,0.0,n/A,0.10,n/a,n/a,n/a,n/a,n/a,-3.80,midpoint,0.51,0.51,-1.22895391939,n/a,n/a,-0.732805089135,-0.533161191088,0.006418807464260,0.545998806016,0.615976205799,n/a,n/a,0.95642121871,-1,1,"marine limiting","Porites (massive)","below MTL",n/a,n/a,0.05,0.05,n/a,n/a,n/a,n/a,n/a,n/a,n/a,n/a,0.51,0.51,n/a,n/a,n/a,n/a,0,n/a,TKG-11
540,SLCC583,"Kayanne et al. 2002",-,"Barrier reef, Palau Islands",7.36667,134.3833,1,6340,90,6717.0,6974.0,6460.0,"bioclastic sand. bioclastic gravel. tabular Acropora","tabular Acropora","bioclastic sand & gravel",n/a,n/a,n/a,n/a," drill core",n/a,n/a,n/a,n/a,0.01,n/a,n/a,n/a,0.5,0.0,n/A,0.10,n/a,n/a,n/a,n/a,n/a,-3.50,midpoint,0.51,0.51,-1.22895391939,n/a,n/a,-0.732805089135,-0.533161191088,0.006418807464260,0.545998806016,0.615976205799,n/a,n/a,0.95642121871,-1,1,"marine limiting","Montipora (massive)","below MTL",na,na,0.05,0.05,na,na,na,n/a,n/a,n/a,n/a,n/a,0.51,0.51,na,na,na,na,0,na,TKG-10
541,SLCC584,"Kayanne et al. 2002",-,"Barrier reef",7.41667,134.3500,9,Modern,Modern,Modern,Modern,Modern,"Reef crest",n/a,n/a,n/a,n/a,n/a,n/a,n/a,n/a,n/a,n/a,n/a,0.01,n/a,n/a,n/a,0.5,0.0,n/A,0.10,n/a,n/a,n/a,n/a,n/a,-1.00,n/a,0.51,0.51,-1.23103802334,n/a,n/a,-0.734184688749,-0.534841602094,0.006355511070580,0.547552624235,0.617505235219,n/a,n/a,0.959206918888,-1,5,"marine limiting","Sediments - Reef crest, with living corals had the highest coral coverage (9% to 29%) and species richness ","below MTL",n/a,n/a,0.05,0.05,n/a,n/a,n/a,n/a,n/a,n/a,n/a,n/a,0.51,0.51,n/a,n/a,n/a,n/a,1,"too young","Age and meaning based on foraminifera species; ages are estimated from accumulation curves"
542,SLCC585,"Kayanne et al. 2002",-,"Barrier reef",7.41667,134.3500,9,6500,n/a,n/a,n/a,n/a,"Reef crest",n/a,n/a,n/a,n/a,n/a,n/a,n/a,n/a,n/a,n/a,n/a,0.01,n/a,n/a,n/a,0.5,0.0,n/A,0.10,n/a,n/a,n/a,n/a,n/a,-3.00,n/a,0.51,0.51,-1.23103802334,n/a,n/a,-0.734184688749,-0.534841602094,0.006355511070580,0.547552624235,0.617505235219,n/a,n/a,0.959206918888,-1,5,"marine limiting","Sediments - Reef crest, with living corals had the highest coral coverage (9% to 29%) and species richness","below MTL",n/a,n/a,0.05,0.05,n/a,n/a,n/a,n/a,n/a,n/a,n/a,n/a,0.51,0.51,n/a,n/a,n/a,n/a,1,n/a,"Age and meaning based on foraminifera species"
543,SLCC586,"Kayanne et al. 2002",-,"Barrier reef",7.41667,134.3500,9,Modern,Modern,Modern,Modern,Modern,"Reef crest",n/a,n/a,n/a,n/a,n/a,n/a,n/a,n/a,n/a,n/a,n/a,0.01,n/a,n/a,n/a,0.5,0.0,n/A,0.10,n/a,n/a,n/a,n/a,n/a,-1.00,n/a,0.51,0.51,-1.23103802334,n/a,n/a,-0.734184688749,-0.534841602094,0.006355511070580,0.547552624235,0.617505235219,n/a,n/a,0.959206918888,-1,5,"marine limiting","Sediments - Reef crest, with living corals had the highest coral coverage (9% to 29%) and species richness","below MTL",n/a,n/a,0.05,0.05,n/a,n/a,n/a,n/a,n/a,n/a,n/a,n/a,0.51,0.51,n/a,n/a,n/a,n/a,1,"too young","Age and meaning based on foraminifera species"
544,SLCC587,"Kayanne et al. 2002",-,"Barrier reef",7.41667,134.3500,9,7200,n/a,n/a,n/a,n/a,"Branching Acropora",n/a,n/a,n/a,n/a,n/a,n/a,n/a,n/a,n/a,n/a,n/a,0.01,n/a,n/a,n/a,0.5,0.0,n/A,0.10,n/a,n/a,n/a,n/a,n/a,-6.00,n/a,0.51,0.51,-1.23103802334,n/a,n/a,-0.734184688749,-0.534841602094,0.006355511070580,0.547552624235,0.617505235219,n/a,n/a,0.959206918888,-1,5,"marine limiting","Branching Acropora","below MTL",n/a,n/a,0.05,0.05,n/a,n/a,n/a,n/a,n/a,n/a,n/a,n/a,0.51,0.51,n/a,n/a,n/a,n/a,1,n/a,"Age and meaning based on foraminifera species"
545,SLCC588,"Kayanne et al. 2002",-,"Barrier reef",7.41667,134.3500,9,8000,n/a,n/a,n/a,n/a,"Branching Acropora",n/a,n/a,n/a,n/a,n/a,n/a,n/a,n/a,n/a,n/a,n/a,0.01,n/a,n/a,n/a,0.5,0.0,n/A,0.10,n/a,n/a,n/a,n/a,n/a,-14.00,n/a,0.51,0.51,-1.23103802334,n/a,n/a,-0.734184688749,-0.534841602094,0.006355511070580,0.547552624235,0.617505235219,n/a,n/a,0.959206918888,-1,5,"marine limiting","Branching Acropora","below MTL",n/a,n/a,0.05,0.05,n/a,n/a,n/a,n/a,n/a,n/a,n/a,n/a,0.51,0.51,n/a,n/a,n/a,n/a,1,n/a,"Age and meaning based on foraminifera species"
546,SLCC589,"Kayanne et al. 2002",-,"Barrier reef",7.41667,134.3500,9,Modern,Modern,Modern,Modern,Modern,"Reef crest",n/a,n/a,n/a,n/a,n/a,n/a,n/a,n/a,n/a,n/a,n/a,0.01,n/a,n/a,n/a,0.5,0.0,n/A,0.10,n/a,n/a,n/a,n/a,n/a,-2.00,n/a,0.51,0.51,-1.23103802334,n/a,n/a,-0.734184688749,-0.534841602094,0.006355511070580,0.547552624235,0.617505235219,n/a,n/a,0.959206918888,-1,5,"marine limiting","Sediments - Reef crest, with living corals had the highest coral coverage (9% to 29%) and species richness","below MTL",n/a,n/a,0.05,0.05,n/a,n/a,n/a,n/a,n/a,n/a,n/a,n/a,0.51,0.51,n/a,n/a,n/a,n/a,1,"too young","Age and meaning based on foraminifera species"
547,SLCC590,"Kayanne et al. 2002",-,"Barrier reef",7.41667,134.3500,9,5500,n/a,n/a,n/a,n/a,"bioclastic sand & gavel",n/a,n/a,n/a,n/a,n/a,n/a,n/a,n/a,n/a,n/a,n/a,0.01,n/a,n/a,n/a,0.5,0.0,n/A,0.10,n/a,n/a,n/a,n/a,n/a,-3.50,n/a,0.51,0.51,-1.23103802334,n/a,n/a,-0.734184688749,-0.534841602094,0.006355511070580,0.547552624235,0.617505235219,n/a,n/a,0.959206918888,-1,5,"marine limiting","lower part of the lagoonward barrier reef and the lower party of the lagoon patch reef, including branches of corals and foraminifera ","below MTL",n/a,n/a,0.05,0.05,n/a,n/a,n/a,n/a,n/a,n/a,n/a,n/a,0.51,0.51,n/a,n/a,n/a,n/a,1,n/a,"Age and meaning based on foraminifera species. majority of bioclastic sand and gravel facies formed by bioclasts derived from the reef crest"
548,SLCC591,"Kayanne et al. 2002",-,"Barrier reef",7.41667,134.3500,9,7000,n/a,n/a,n/a,n/a,"bioclastic sand & gavel",n/a,n/a,n/a,n/a,n/a,n/a,n/a,n/a,n/a,n/a,n/a,0.01,n/a,n/a,n/a,0.5,0.0,n/A,0.10,n/a,n/a,n/a,n/a,n/a,-5.00,n/a,0.51,0.51,-1.23103802334,n/a,n/a,-0.734184688749,-0.534841602094,0.006355511070580,0.547552624235,0.617505235219,n/a,n/a,0.959206918888,-1,5,"marine limiting","lower part of the lagoonward barrier reef and the lower party of the lagoon patch reef, including branches of corals and foraminifera ","below MTL",n/a,n/a,0.05,0.05,n/a,n/a,n/a,n/a,n/a,n/a,n/a,n/a,0.51,0.51,n/a,n/a,n/a,n/a,1,n/a,"Age and meaning based on foraminifera species. majority of bioclastic sand and gravel facies formed by bioclasts derived from the reef crest"
549,SLCC592,"Kayanne et al. 2002",-,"Barrier reef",7.41667,134.3500,9,Modern,Modern,Modern,Modern,Modern,"bioclastic sand & gavel",n/a,n/a,n/a,n/a,n/a,n/a,n/a,n/a,n/a,n/a,n/a,0.01,n/a,n/a,n/a,0.5,0.0,n/A,0.10,n/a,n/a,n/a,n/a,n/a,-2.00,n/a,0.51,0.51,-1.23103802334,n/a,n/a,-0.734184688749,-0.534841602094,0.006355511070580,0.547552624235,0.617505235219,n/a,n/a,0.959206918888,-1,5,"marine limiting","lower part of the lagoonward barrier reef and the lower party of the lagoon patch reef, including branches of corals and foraminifera ","below MTL",n/a,n/a,0.05,0.05,n/a,n/a,n/a,n/a,n/a,n/a,n/a,n/a,0.51,0.51,n/a,n/a,n/a,n/a,1,"too young","Age and meaning based on foraminifera species. majority of bioclastic sand and gravel facies formed by bioclasts derived from the reef crest"
550,SLCC593,"Kayanne et al. 2002",-,"Barrier reef",7.41667,134.3500,9,1000,n/a,n/a,n/a,n/a,"bioclastic sand & gavel",n/a,n/a,n/a,n/a,n/a,n/a,n/a,n/a,n/a,n/a,n/a,0.01,n/a,n/a,n/a,0.5,0.0,n/A,0.10,n/a,n/a,n/a,n/a,n/a,-3.00,n/a,0.51,0.51,-1.23103802334,n/a,n/a,-0.734184688749,-0.534841602094,0.006355511070580,0.547552624235,0.617505235219,n/a,n/a,0.959206918888,-1,5,"marine limiting","lower part of the lagoonward barrier reef and the lower party of the lagoon patch reef, including branches of corals and foraminifera ","below MTL",n/a,n/a,0.05,0.05,n/a,n/a,n/a,n/a,n/a,n/a,n/a,n/a,0.51,0.51,n/a,n/a,n/a,n/a,1,n/a,"Age and meaning based on foraminifera species. majority of bioclastic sand and gravel facies formed by bioclasts derived from the reef crest"
551,SLCC594,"Kayanne et al. 2002",-,"Barrier reef",7.41667,134.3500,9,2000,n/a,n/a,n/a,n/a,"bioclastic sand & gavel",n/a,n/a,n/a,n/a,n/a,n/a,n/a,n/a,n/a,n/a,n/a,0.01,n/a,n/a,n/a,0.5,0.0,n/A,0.10,n/a,n/a,n/a,n/a,n/a,-4.00,n/a,0.51,0.51,-1.23103802334,n/a,n/a,-0.734184688749,-0.534841602094,0.006355511070580,0.547552624235,0.617505235219,n/a,n/a,0.959206918888,-1,5,"marine limiting","lower part of the lagoonward barrier reef and the lower party of the lagoon patch reef, including branches of corals and foraminifera ","below MTL",n/a,n/a,0.05,0.05,n/a,n/a,n/a,n/a,n/a,n/a,n/a,n/a,0.51,0.51,n/a,n/a,n/a,n/a,1,n/a,"Age and meaning based on foraminifera species. majority of bioclastic sand and gravel facies formed by bioclasts derived from the reef crest"
552,SLCC595,"Kayanne et al. 2002",-,"Barrier reef",7.41667,134.3500,9,Modern,Modern,Modern,Modern,Modern,"bioclastic sand & gavel",n/a,n/a,n/a,n/a,n/a,n/a,n/a,n/a,n/a,n/a,n/a,0.01,n/a,n/a,n/a,0.5,0.0,n/A,0.10,n/a,n/a,n/a,n/a,n/a,-1.00,n/a,0.51,0.51,-1.23103802334,n/a,n/a,-0.734184688749,-0.534841602094,0.006355511070580,0.547552624235,0.617505235219,n/a,n/a,0.959206918888,-1,5,"marine limiting","lower part of the lagoonward barrier reef and the lower party of the lagoon patch reef, including branches of corals and foraminifera ","below MTL",n/a,n/a,0.05,0.05,n/a,n/a,n/a,n/a,n/a,n/a,n/a,n/a,0.51,0.51,n/a,n/a,n/a,n/a,1,"too young","Age and meaning based on foraminifera species. majority of bioclastic sand and gravel facies formed by bioclasts derived from the reef crest"
553,SLCC596,"Kayanne et al. 2002",-,"Barrier reef",7.41667,134.3500,9,3400,n/a,n/a,n/a,n/a,"bioclastic sand & gavel",n/a,n/a,n/a,n/a,n/a,n/a,n/a,n/a,n/a,n/a,n/a,0.01,n/a,n/a,n/a,0.5,0.0,n/A,0.10,n/a,n/a,n/a,n/a,n/a,-7.00,n/a,0.51,0.51,-1.23103802334,n/a,n/a,-0.734184688749,-0.534841602094,0.006355511070580,0.547552624235,0.617505235219,n/a,n/a,0.959206918888,-1,5,"marine limiting","lower part of the lagoonward barrier reef and the lower party of the lagoon patch reef, including branches of corals and foraminifera ","below MTL",n/a,n/a,0.05,0.05,n/a,n/a,n/a,n/a,n/a,n/a,n/a,n/a,0.51,0.51,n/a,n/a,n/a,n/a,1,n/a,"Age and meaning based on foraminifera species. majority of bioclastic sand and gravel facies formed by bioclasts derived from the reef crest"
554,SLCC597,"Kayanne et al. 2002",-,"Barrier reef",7.41667,134.3500,9,5400,n/a,n/a,n/a,n/a,"bioclastic sand & gavel",n/a,n/a,n/a,n/a,n/a,n/a,n/a,n/a,n/a,n/a,n/a,0.01,n/a,n/a,n/a,0.5,0.0,n/A,0.10,n/a,n/a,n/a,n/a,n/a,-11.00,n/a,0.51,0.51,-1.23103802334,n/a,n/a,-0.734184688749,-0.534841602094,0.006355511070580,0.547552624235,0.617505235219,n/a,n/a,0.959206918888,-1,5,"marine limiting","lower part of the lagoonward barrier reef and the lower party of the lagoon patch reef, including branches of corals and foraminifera ","below MTL",n/a,n/a,0.05,0.05,n/a,n/a,n/a,n/a,n/a,n/a,n/a,n/a,0.51,0.51,n/a,n/a,n/a,n/a,1,n/a,"Age and meaning based on foraminifera species. majority of bioclastic sand and gravel facies formed by bioclasts derived from the reef crest"
555,SLCC598,"Kayanne et al. 2002",-,"Barrier reef",7.41667,134.3500,9,7100,n/a,n/a,n/a,n/a,"bioclastic sand & gavel",n/a,n/a,n/a,n/a,n/a,n/a,n/a,n/a,n/a,n/a,n/a,0.01,n/a,n/a,n/a,0.5,0.0,n/A,0.10,n/a,n/a,n/a,n/a,n/a,-15.00,n/a,0.51,0.51,-1.23103802334,n/a,n/a,-0.734184688749,-0.534841602094,0.006355511070580,0.547552624235,0.617505235219,n/a,n/a,0.959206918888,-1,5,"marine limiting","lower part of the lagoonward barrier reef and the lower party of the lagoon patch reef, including branches of corals and foraminifera ","below MTL",n/a,n/a,0.05,0.05,n/a,n/a,n/a,n/a,n/a,n/a,n/a,n/a,0.51,0.51,n/a,n/a,n/a,n/a,1,n/a,"Age and meaning based on foraminifera species. in situ & reef-derived materials ( due to two water depth expectations) "
556,SLCC599,"Nair 1973 (as reviewed by Wagle et al. 1994)",7,"Shelf between Bomby and Karwar",18.6,70.65111,1,9590,144,10243.0,10661.0,9825.0,"submerged terraces",n/a,n/a,n/a,n/a,n/a,n/a,n/a,n/a,n/a,n/a,n/a,0.01,n/a,n/a,n/a,0.5,0.0,n/A,0.10,n/a,n/a,n/a,n/a,n/a,-96.00,n/a,0.51,0.51,-1.61175673733,n/a,n/a,-0.936002419464,-0.598194061228,0.011599073920500,0.621392209069,0.751655576571,n/a,n/a,1.19578038983,-1,5,"marine limiting","Oolite limestone","below MTL",n/a,n/a,0.05,0.05,n/a,n/a,n/a,n/a,n/a,n/a,n/a,n/a,0.52,0.52,n/a,n/a,n/a,n/a,1,"no information of the in situ status of the samples","questionable reference to mean sea level"
595,SLCC641,"Easton & The-Lung Ku 1979",12,Palau,7.30539,134.3457,1,4905,94,5114.5,5392.0,4837.0,"bioclastic sand. muddy sand. Halimeda. Amphistegina. and Marginopora. smaller finger coralfragments. varicolored. compact clay. volcanic rock fragments. colors:
rusty red and brown to grayish green. basaltic andesite with fractures tilled with clay. calcite. and bare.","bioclastic sand. massive corals. halimeda","bioclastic sand. massive corals. halimeda",n/a,n/a,n/a,1,drill,0.0,n/a,n/a,n/a,0.01,n/a,n/a,n/a,0.5,0.0,n/a,0.10,n/a,n/a,n/a,n/a,n/a,-8.81,n/a,0.51,0.51,-1.22740922358,n/a,n/a,-0.731868141142,-0.532440220943,0.006397903803840,0.54523602855,0.614501324594,n/a,n/a,0.954166761416,-1,1,"marine limiting","Porites, Millepora, alga, coral in sandy sediments from bore hole ","below MTL",n/a,n/a,0.05,0.05,n/a,n/a,n/a,n/a,n/a,n/a,n/a,n/a,0.52,0.52,n/a,n/a,n/a,n/a,1,"unknown locality and relationship to msl ","hole1; reworking possible"
596,SLCC642,"Easton & The-Lung Ku 1979",12,Palau,7.30539,134.3457,1,6135,116,6500.5,6777.0,6224.0,"bioclastic sand. muddy sand. Halimeda. Amphistegina. and Marginopora. smaller finger coralfragments. varicolored. compact clay. volcanic rock fragments. colors:
rusty red and brown to grayish green. basaltic andesite with fractures tilled with clay. calcite. and bare.","bioclastic sand. massive corals. halimeda","bioclastic sand. massive corals. halimeda",n/a,n/a,n/a,1,drill,0.0,n/a,n/a,n/a,0.01,n/a,n/a,n/a,0.5,0.0,n/a,0.10,n/a,n/a,n/a,n/a,n/a,-11.02,n/a,0.51,0.51,-1.22740922358,n/a,n/a,-0.731868141142,-0.532440220943,0.006397903803840,0.54523602855,0.614501324594,n/a,n/a,0.954166761416,-1,1,"marine limiting","Porites , coral in sandy sediments from bore hole ","below MTL",n/a,n/a,0.05,0.05,n/a,n/a,n/a,n/a,n/a,n/a,n/a,n/a,0.52,0.52,n/a,n/a,n/a,n/a,1,"unknown locality and relationship to msl ","hole1; reworking possible"
597,SLCC643,"Easton & The-Lung Ku 1979",12,Palau,7.30539,134.3457,1,6595,103,7003.5,7269.0,6738.0,"bioclastic sand. muddy sand. Halimeda. Amphistegina. and Marginopora. smaller finger coralfragments. varicolored. compact clay. volcanic rock fragments. colors:
rusty red and brown to grayish green. basaltic andesite with fractures tilled with clay. calcite. and bare.","bioclastic sand and massive coral","bioclastic sand. massive coral. branching coral. halimeda",n/a,n/a,n/a,1,drill,0.1,n/a,n/a,n/a,0.01,n/a,n/a,n/a,0.5,0.0,n/a,0.10,n/a,n/a,n/a,n/a,n/a,-17.24,n/a,0.51,0.51,-1.22740922358,n/a,n/a,-0.731868141142,-0.532440220943,0.006397903803840,0.54523602855,0.614501324594,n/a,n/a,0.954166761416,-1,5,"marine limiting","Halimeda, alge in sandy sediments from bore hole ","below MTL",n/a,n/a,0.05,0.05,n/a,n/a,n/a,n/a,n/a,n/a,n/a,n/a,0.52,0.52,n/a,n/a,n/a,n/a,1,"unknown locality and relationship to msl ","hole1; reworking possible"
598,SLCC644,"Easton & The-Lung Ku 1979",12,Palau,7.30539,134.3457,1,7840,121,8218.0,8484.0,7952.0,"bioclastic sand. muddy sand. Halimeda. Amphistegina. and Marginopora. smaller finger coralfragments. varicolored. compact clay. volcanic rock fragments. colors:
rusty red and brown to grayish green. basaltic andesite with fractures tilled with clay. calcite. and bare.","bioclastic sand. massive coral. branching coral. halimeda","bioclastic sand. massive coral. branching coral. halimeda. red and green clay",n/a,n/a,n/a,1,drill,0.1,n/a,n/a,n/a,0.01,n/a,n/a,n/a,0.5,0.0,n/a,0.10,n/a,n/a,n/a,n/a,n/a,-20.59,n/a,0.51,0.51,-1.22740922358,n/a,n/a,-0.731868141142,-0.532440220943,0.006397903803840,0.54523602855,0.614501324594,n/a,n/a,0.954166761416,-1,1,"marine limiting","Porites, Millepora, coral in sandy sediments from bore hole ","below MTL",n/a,n/a,0.05,0.05,n/a,n/a,n/a,n/a,n/a,n/a,n/a,n/a,0.52,0.52,n/a,n/a,n/a,n/a,1,"unknown locality and relationship to msl ","hole1; reworking possible"
599,SLCC645,"Easton & The-Lung Ku 1979",12,"Koror Island",7.339,134.4790,2,n/a,n/a,n/a,n/a,n/a,"bioclastic sand. muddy sand. Halimeda. Amphistegina. and Marginopora. smaller finger coralfragments. varicolored. compact clay. volcanic rock fragments. colors:
rusty red and brown to grayish green. basaltic andesite with fractures tilled with clay. calcite. and bare.",n/a,n/a,n/a,n/a,n/a,1,drill,n/a,n/a,n/a,n/a,0.01,n/a,n/a,n/a,0.5,0.0,n/a,0.10,n/a,n/a,n/a,n/a,n/a,-11.02,n/a,0.51,0.51,-1.21195824173,n/a,n/a,-0.721851161042,-0.521194432127,0.006701569563860,0.534597571254,0.603406518583,n/a,n/a,0.934014329859,-1,1,"marine limiting","Porites, Millepora, coral in sandy sediments from bore hole ","below MTL",n/a,n/a,0.05,0.05,n/a,n/a,n/a,n/a,n/a,n/a,n/a,n/a,0.52,0.52,n/a,n/a,n/a,n/a,1,"unknown locality and relationship to msl ","hole1; reworking possible"
600,SLCC646,"Easton & The-Lung Ku 1979",12,"Adorius Island",7.1822,134.2425,2,n/a,n/a,n/a,n/a,n/a,"bioclastic sand. muddy sand. Halimeda. Amphistegina. and Marginopora. smaller finger coralfragments. varicolored. compact clay. volcanic rock fragments. colors:
rusty red and brown to grayish green. basaltic andesite with fractures tilled with clay. calcite. and bare.",n/a,n/a,n/a,n/a,n/a,1,drill,0.1,n/a,n/a,n/a,0.01,n/a,n/a,n/a,0.5,0.0,n/a,0.10,n/a,n/a,n/a,n/a,n/a,-2.00,n/a,0.51,0.51,-1.22668690193,n/a,n/a,-0.731301743193,-0.531308280702,0.006491038189060,0.54429035708,0.614351090696,n/a,n/a,0.953418949042,-1,1,"marine limiting","Pachyseris probably, coral in sandy sediments from bore hole ","below MTL",n/a,n/a,0.05,0.05,n/a,n/a,n/a,n/a,n/a,n/a,n/a,n/a,0.52,0.52,n/a,n/a,n/a,n/a,1,"unknown locality and relationship to msl ","hole1; reworking possible"
601,SLCC647,"Easton & The-Lung Ku 1979",12,Palau,7.30539,134.3457,1,4675,90,4817.5,5128.0,4507.0,"bioclastic sand. muddy sand. Halimeda. Amphistegina. and Marginopora. smaller finger coralfragments. varicolored. compact clay. volcanic rock fragments. colors:
rusty red and brown to grayish green. basaltic andesite with fractures tilled with clay. calcite. and bare.","bioclastic sand. Halimeda. massive coral","bioclastic sand. Halimeda. massive coral",n/a,n/a,n/a,1,drill,0.2,n/a,n/a,n/a,0.01,n/a,n/a,n/a,0.5,0.0,n/a,0.10,n/a,n/a,n/a,n/a,n/a,-5.12,n/a,0.51,0.51,-1.22740922358,n/a,n/a,-0.731868141142,-0.532440220943,0.006397903803840,0.54523602855,0.614501324594,n/a,n/a,0.954166761416,-1,1,"marine limiting","Acropora formosa, coral in sandy sediments from bore hole ","below MTL",n/a,n/a,0.05,0.05,n/a,n/a,n/a,n/a,n/a,n/a,n/a,n/a,0.52,0.52,n/a,n/a,n/a,n/a,1,"unknown locality and relationship to msl ","hole2;  reworking possible"
602,SLCC648,"Easton & The-Lung Ku 1979",12,Palau,7.30539,134.3457,1,5355,126,5619.5,5919.0,5320.0,"bioclastic sand. muddy sand. Halimeda. Amphistegina. and Marginopora. smaller finger coralfragments. varicolored. compact clay. volcanic rock fragments. colors:
rusty red and brown to grayish green. basaltic andesite with fractures tilled with clay. calcite. and bare.","bioclastic sand. halimeda. massive corals","bioclastic sand. halimeda. massive corals",n/a,n/a,n/a,1,drill,0.1,n/a,n/a,n/a,0.01,n/a,n/a,n/a,0.5,0.0,n/a,0.10,n/a,n/a,n/a,n/a,n/a,-9.24,n/a,0.51,0.51,-1.22740922358,n/a,n/a,-0.731868141142,-0.532440220943,0.006397903803840,0.54523602855,0.614501324594,n/a,n/a,0.954166761416,-1,2,"marine limiting","Oyster, marine shell in sandy sediments from bore hole ","below MTL",n/a,n/a,0.05,0.05,n/a,n/a,n/a,n/a,n/a,n/a,n/a,n/a,0.52,0.52,n/a,n/a,n/a,n/a,1,"unknown locality and relationship to msl ","hole2;  reworking possible"
603,SLCC649,"Easton & The-Lung Ku 1979",12,Palau,7.30539,134.3457,1,6310,116,6690.0,6994.0,6386.0,"bioclastic sand. muddy sand. Halimeda. Amphistegina. and Marginopora. smaller finger coralfragments. varicolored. compact clay. volcanic rock fragments. colors:
rusty red and brown to grayish green. basaltic andesite with fractures tilled with clay. calcite. and bare.","bioclastic sand. halimeda","bioclastic sand. halimeda. branching coral",n/a,n/a,n/a,1,drill,0.1,n/a,n/a,n/a,0.01,n/a,n/a,n/a,0.5,0.0,n/a,0.10,n/a,n/a,n/a,n/a,n/a,-15.99,n/a,0.51,0.51,-1.22740922358,n/a,n/a,-0.731868141142,-0.532440220943,0.006397903803840,0.54523602855,0.614501324594,n/a,n/a,0.954166761416,-1,5,"marine limiting","Halimeda, alge in sandy sediments from bore hole ","below MTL",n/a,n/a,0.05,0.05,n/a,n/a,n/a,n/a,n/a,n/a,n/a,n/a,0.52,0.52,n/a,n/a,n/a,n/a,1,"unknown locality and relationship to msl ","hole2;  reworking possible"
604,SLCC650,"Easton & The-Lung Ku 1979",12,Palau,7.30539,134.3457,1,8080,112,8514.0,8839.0,8189.0,"bioclastic sand. muddy sand. Halimeda. Amphistegina. and Marginopora. smaller finger coralfragments. varicolored. compact clay. volcanic rock fragments. colors:
rusty red and brown to grayish green. basaltic andesite with fractures tilled with clay. calcite. and bare.","bioclastic sand. halimeda. massive corals","red& green clay",n/a,n/a,n/a,0,drill,0.0,n/a,n/a,n/a,0.01,n/a,n/a,n/a,0.5,0.0,n/a,0.10,n/a,n/a,n/a,n/a,n/a,-22.11,n/a,0.51,0.51,-1.22740922358,n/a,n/a,-0.731868141142,-0.532440220943,0.006397903803840,0.54523602855,0.614501324594,n/a,n/a,0.954166761416,-1,1,"marine limiting","Porites, coral in sandy sediments from bore hole ","below MTL",n/a,n/a,0.05,0.05,n/a,n/a,n/a,n/a,n/a,n/a,n/a,n/a,0.52,0.52,n/a,n/a,n/a,n/a,1,"unknown locality and relationship to msl ","hole2;  reworking possible"
605,SLCC651,"Easton & The-Lung Ku 1979",12,Palau,7.30539,134.3457,1,5109,99,5326.5,5604.0,5049.0,"bioclastic sand. muddy sand. Halimeda. Amphistegina. and Marginopora. smaller finger coralfragments. varicolored. compact clay. volcanic rock fragments. colors:
rusty red and brown to grayish green. basaltic andesite with fractures tilled with clay. calcite. and bare.","bioclastic sand. halimeda","bioclastic sand. halimeda. branching coral",n/a,n/a,n/a,1,drill,n/a,n/a,n/a,n/a,0.01,n/a,n/a,n/a,0.5,0.0,n/a,0.10,n/a,n/a,n/a,n/a,n/a,-3.54,n/a,0.51,0.51,-1.22740922358,n/a,n/a,-0.731868141142,-0.532440220943,0.006397903803840,0.54523602855,0.614501324594,n/a,n/a,0.954166761416,-1,1,"marine limiting","Porites, coral in sandy sediments from bore hole ","below MTL",n/a,n/a,0.05,0.05,n/a,n/a,n/a,n/a,n/a,n/a,n/a,n/a,0.52,0.52,n/a,n/a,n/a,n/a,1,"unknown locality and relationship to msl ","hole3;  reworking possible"
606,SLCC652,"Easton & The-Lung Ku 1979",12,Palau,7.30539,134.3457,1,6780,135,7190.5,7493.0,6888.0,"bioclastic sand. muddy sand. Halimeda. Amphistegina. and Marginopora. smaller finger coralfragments. varicolored. compact clay. volcanic rock fragments. colors:
rusty red and brown to grayish green. basaltic andesite with fractures tilled with clay. calcite. and bare.","bioclastic sand. Halimeda. massive corals. branching coral","bioclastic sand. Halimeda. branching coral",n/a,n/a,n/a,1,drill,n/a,n/a,n/a,n/a,0.01,n/a,n/a,n/a,0.5,0.0,n/a,0.10,n/a,n/a,n/a,n/a,n/a,-6.92,n/a,0.51,0.51,-1.22740922358,n/a,n/a,-0.731868141142,-0.532440220943,0.006397903803840,0.54523602855,0.614501324594,n/a,n/a,0.954166761416,-1,1,"marine limiting","Porites, coral in sandy sediments from bore hole ","below MTL",n/a,n/a,0.05,0.05,n/a,n/a,n/a,n/a,n/a,n/a,n/a,n/a,0.52,0.52,n/a,n/a,n/a,n/a,1,"unknown locality and relationship to msl ","hole3;  reworking possible"
607,SLCC653,"Easton & The-Lung Ku 1979",12,Palau,7.30539,134.3457,1,7050,103,7463.0,7669.0,7257.0,"bioclastic sand. muddy sand. Halimeda. Amphistegina. Marginopora. fragments of smaller finger corals. varicolored. compact clay. volcanic rock fracments. rusty red and brown to grayish green. basaltic andesite with fractures tilled with clay. calcite. and bare.","bioclastic sand. massive coral. Halimeda. branching","bioclastic sand. halimeda",n/a,n/a,n/a,1,drill,n/a,n/a,n/a,n/a,0.01,n/a,n/a,n/a,0.5,0.0,n/a,0.10,n/a,n/a,n/a,n/a,n/a,-9.84,n/a,0.51,0.51,-1.22740922358,n/a,n/a,-0.731868141142,-0.532440220943,0.006397903803840,0.54523602855,0.614501324594,n/a,n/a,0.954166761416,-1,1,"marine limiting","Porites, coral in sandy sediments from bore hole ","below MTL",n/a,n/a,0.05,0.05,n/a,n/a,n/a,n/a,n/a,n/a,n/a,n/a,0.52,0.52,n/a,n/a,n/a,n/a,1,"unknown locality and relationship to msl ","hole3;  reworking possible"
608,SLCC654,"Easton & The-Lung Ku 1979",12,Palau,7.30539,134.3457,1,7715,125,8103.0,8370.0,7836.0,"bioclastic sand. muddy sand. Halimeda. Amphistegina. Marginopora. fragments of smaller finger corals. varicolored. compact clay. volcanic rock fracments. rusty red and brown to grayish green. basaltic andesite with fractures tilled with clay. calcite. and bare.","bioclastic sand. Halimeda. branching coral","red& green clay",n/a,n/a,n/a,0,drill,n/a,n/a,n/a,n/a,0.01,n/a,n/a,n/a,0.5,0.0,n/a,0.10,n/a,n/a,n/a,n/a,n/a,-18.38,n/a,0.51,0.51,-1.22740922358,n/a,n/a,-0.731868141142,-0.532440220943,0.006397903803840,0.54523602855,0.614501324594,n/a,n/a,0.954166761416,-1,1,"marine limiting","Porites (two species), coral in sandy sediments from bore hole ","below MTL",n/a,n/a,0.05,0.05,n/a,n/a,n/a,n/a,n/a,n/a,n/a,n/a,0.52,0.52,n/a,n/a,n/a,n/a,1,"unknown locality and relationship to msl ","hole3;  reworking possible"
609,SLCC655,"Easton & The-Lung Ku 1979",12,Palau,7.30539,134.3457,1,4235,107,4217.0,4546.0,3888.0,"bioclastic sand. muddy sand. Halimeda. Amphistegina. Marginopora. fragments of smaller finger corals. varicolored. compact clay. volcanic rock fracments. rusty red and brown to grayish green. basaltic andesite with fractures tilled with clay. calcite. and bare.","bioclastic sand","bioclastic sand. masive coral. branching coral. Halimeda ",n/a,n/a,n/a,1,drill,0.1,n/a,n/a,n/a,0.01,n/a,n/a,n/a,0.5,0.0,n/a,0.10,n/a,n/a,n/a,n/a,n/a,-5.58,n/a,0.51,0.51,-1.22740922358,n/a,n/a,-0.731868141142,-0.532440220943,0.006397903803840,0.54523602855,0.614501324594,n/a,n/a,0.954166761416,-1,1,"marine limiting","Acanthastrea, coral in sandy sediments from bore hole ","below MTL",n/a,n/a,0.05,0.05,n/a,n/a,n/a,n/a,n/a,n/a,n/a,n/a,0.52,0.52,n/a,n/a,n/a,n/a,1,"unknown locality and relationship to msl ","hole3;  reworking possible"
610,SLCC656,"Easton & The-Lung Ku 1979",12,Palau,7.30539,134.3457,1,4630,90,4737.0,5026.0,4448.0,"bioclastic sand. muddy sand. Halimeda. Amphistegina. Marginopora. fragments of smaller finger corals. varicolored. compact clay. volcanic rock fracments. rusty red and brown to grayish green. basaltic andesite with fractures tilled with clay. calcite. and bare.","bioclastic sand. massive coral. Halimeda. Branching coral","bioclastic sand. massive coral",n/a,n/a,n/a,1,drill,0.0,n/a,n/a,n/a,0.01,n/a,n/a,n/a,0.5,0.0,n/a,0.10,n/a,n/a,n/a,n/a,n/a,-10.23,n/a,0.51,0.51,-1.22740922358,n/a,n/a,-0.731868141142,-0.532440220943,0.006397903803840,0.54523602855,0.614501324594,n/a,n/a,0.954166761416,-1,1,"marine limiting","Porites, coral in sandy sediments from bore hole ","below MTL",n/a,n/a,0.05,0.05,n/a,n/a,n/a,n/a,n/a,n/a,n/a,n/a,0.52,0.52,n/a,n/a,n/a,n/a,1,"unknown locality and relationship to msl ","hole3;  reworking possible"
611,SLCC657,"Easton & The-Lung Ku 1979",12,Palau,7.30539,134.3457,1,6750,99,7176.0,7415.0,6937.0,"bioclastic sand. muddy sand. Halimeda. Amphistegina. Marginopora. fragments of smaller finger corals. varicolored. compact clay. volcanic rock fracments. rusty red and brown to grayish green. basaltic andesite with fractures tilled with clay. calcite. and bare.","bioclastic sand. massive coral. Halimeda. branching coral","bioclastic sand. massive coral. solid coral bed",n/a,n/a,n/a,1,drill,0.0,n/a,n/a,n/a,0.01,n/a,n/a,n/a,0.5,0.0,n/a,0.10,n/a,n/a,n/a,n/a,n/a,-15.67,n/a,0.51,0.51,-1.22740922358,n/a,n/a,-0.731868141142,-0.532440220943,0.006397903803840,0.54523602855,0.614501324594,n/a,n/a,0.954166761416,-1,1,"marine limiting","Porites, coral in sandy sediments from bore hole ","below MTL",n/a,n/a,0.05,0.05,n/a,n/a,n/a,n/a,n/a,n/a,n/a,n/a,0.52,0.52,n/a,n/a,n/a,n/a,1,"unknown locality and relationship to msl ","hole3;  reworking possible"
612,SLCC658,"Easton & The-Lung Ku 1979",12,Palau,7.30539,134.3457,1,6855,116,7276.5,7536.0,7017.0,"bioclastic sand. muddy sand. Halimeda. Amphistegina. Marginopora. fragments of smaller finger corals. varicolored. compact clay. volcanic rock fracments. rusty red and brown to grayish green. basaltic andesite with fractures tilled with clay. calcite. and bare.","bioclastic sand. massive coral. branching coral. (solid coral bed)",,n/a,n/a,n/a,1,drill,0.1,n/a,n/a,n/a,0.01,n/a,n/a,n/a,0.5,0.0,n/a,0.10,n/a,n/a,n/a,n/a,n/a,-15.67,n/a,0.51,0.51,-1.22740922358,n/a,n/a,-0.731868141142,-0.532440220943,0.006397903803840,0.54523602855,0.614501324594,n/a,n/a,0.954166761416,-1,1,"marine limiting","Porites (rerun), coral in sandy sediments from bore hole ","below MTL",n/a,n/a,0.05,0.05,n/a,n/a,n/a,n/a,n/a,n/a,n/a,n/a,0.52,0.52,n/a,n/a,n/a,n/a,1,"unknown locality and relationship to msl ","hole3;  reworking possible"
613,SLCC659,"Easton & The-Lung Ku 1979",12,Palau,7.30539,134.3457,1,6510,112,6929.0,7217.0,6641.0,"bioclastic sand. muddy sand. Halimeda. Amphistegina. Marginopora. fragments of smaller finger corals. varicolored. compact clay. volcanic rock fracments. rusty red and brown to grayish green. basaltic andesite with fractures tilled with clay. calcite. and bare.","solid coral bed","bioclastic sand. Halimeda. Branching coral. massive coral. red & green clay",n/a,n/a,n/a,1,drill,n/a,n/a,n/a,n/a,0.01,n/a,n/a,n/a,0.5,0.0,n/a,0.10,n/a,n/a,n/a,n/a,n/a,-20.44,n/a,0.51,0.51,-1.22740922358,n/a,n/a,-0.731868141142,-0.532440220943,0.006397903803840,0.54523602855,0.614501324594,n/a,n/a,0.954166761416,-1,5,"marine limiting","Halimeda, alge in sandy sediments from bore hole ","below MTL",n/a,n/a,0.05,0.05,n/a,n/a,n/a,n/a,n/a,n/a,n/a,n/a,0.52,0.52,n/a,n/a,n/a,n/a,1,"unknown locality and relationship to msl ","hole3;  reworking possible"
614,SLCC660,"Easton & The-Lung Ku 1979",12,Palau,7.30539,134.3457,1,4390,103,4462.5,4786.0,4139.0,"bioclastic sand. muddy sand. Halimeda. Amphistegina. Marginopora. fragments of smaller finger corals. varicolored. compact clay. volcanic rock fracments. rusty red and brown to grayish green. basaltic andesite with fractures tilled with clay. calcite. and bare.","bioclastic sand. halimeda","bioclastic sand. halimeda. massive coral",n/a,n/a,n/a,1,drill,n/a,n/a,n/a,n/a,0.01,n/a,n/a,n/a,0.5,0.0,n/a,0.10,n/a,n/a,n/a,n/a,n/a,-0.60,n/a,0.51,0.51,-1.22740922358,n/a,n/a,-0.731868141142,-0.532440220943,0.006397903803840,0.54523602855,0.614501324594,n/a,n/a,0.954166761416,-1,1,"marine limiting","Porites, coral in sandy sediments from bore hole ","below MTL",n/a,n/a,0.05,0.05,n/a,n/a,n/a,n/a,n/a,n/a,n/a,n/a,0.52,0.52,n/a,n/a,n/a,n/a,1,"unknown locality and relationship to msl ","hole3;  reworking possible"
615,SLCC661,"Easton & The-Lung Ku 1979",12,Palau,7.30539,134.3457,1,4390,99,4462.5,4780.0,4145.0,"bioclastic sand. muddy sand. Halimeda. Amphistegina. Marginopora. fragments of smaller finger corals. varicolored. compact clay. volcanic rock fracments. rusty red and brown to grayish green. basaltic andesite with fractures tilled with clay. calcite. and bare.","bioclastic sand","steel. bioclastic sand. massive coral. branching coral. Halimeda",n/a,n/a,n/a,1,drill,n/a,n/a,n/a,n/a,0.01,n/a,n/a,n/a,0.5,0.0,n/a,0.10,n/a,n/a,n/a,n/a,n/a,-0.30,n/a,0.51,0.51,-1.22740922358,n/a,n/a,-0.731868141142,-0.532440220943,0.006397903803840,0.54523602855,0.614501324594,n/a,n/a,0.954166761416,-1,5,"marine limiting","Porites, coral in sandy sediments from bore hole ","below MTL",n/a,n/a,0.05,0.05,n/a,n/a,n/a,n/a,n/a,n/a,n/a,n/a,0.52,0.52,n/a,n/a,n/a,n/a,1,"unknown locality and relationship to msl ","hole3;  reworking possible"
616,SLCC662,"Easton & The-Lung Ku 1979",12,Palau,7.30539,134.3457,1,4115,94,4091.0,4391.0,3791.0,"bioclastic sand. muddy sand. Halimeda. Amphistegina. Marginopora. fragments of smaller finger corals. varicolored. compact clay. volcanic rock fracments. rusty red and brown to grayish green. basaltic andesite with fractures tilled with clay. calcite. and bare.","bioclastic sand","steel. bioclastic sand. massive coral. branching coral. Halimeda",n/a,n/a,n/a,1,drill,n/a,n/a,n/a,n/a,0.01,n/a,n/a,n/a,0.5,0.0,n/a,0.10,n/a,n/a,n/a,n/a,n/a,-0.60,n/a,0.51,0.51,-1.22740922358,n/a,n/a,-0.731868141142,-0.532440220943,0.006397903803840,0.54523602855,0.614501324594,n/a,n/a,0.954166761416,-1,5,"marine limiting","Porites, coral in sandy sediments from bore hole ","below MTL",n/a,n/a,0.05,0.05,n/a,n/a,n/a,n/a,n/a,n/a,n/a,n/a,0.52,0.52,n/a,n/a,n/a,n/a,1,"unknown locality and relationship to msl ","hole3;  reworking possible"
617,SLCC663,"Easton & The-Lung Ku 1979",12,Palau,7.30539,134.3457,1,3310,110,3053.0,3341.0,2765.0,"bioclastic sand. muddy sand. Halimeda. Amphistegina. Marginopora. fragments of smaller finger corals. varicolored. compact clay. volcanic rock fracments. rusty red and brown to grayish green. basaltic andesite with fractures tilled with clay. calcite. and bare.",n/a,n/a,n/a,n/a,n/a,1,drill,n/a,n/a,n/a,n/a,0.01,n/a,n/a,n/a,0.5,0.0,n/a,0.10,n/a,n/a,n/a,n/a,n/a,1.50,n/a,0.51,0.51,-1.22740922358,n/a,n/a,-0.731868141142,-0.532440220943,0.006397903803840,0.54523602855,0.614501324594,n/a,n/a,0.954166761416,-1,5,"marine limiting","Saxostrea commercialis, marine oyster from bore hole","below MTL",n/a,n/a,0.05,0.05,n/a,n/a,n/a,n/a,n/a,n/a,n/a,n/a,0.52,0.52,n/a,n/a,n/a,n/a,1,"unknown locality and relationship to msl ","hole3;  reworking possible"
618,SLCC664,"Easton & The-Lung Ku 1979",12,Palau,7.30539,134.3457,1,5525,94,5835.0,6082.0,5588.0,"bioclastic sand. muddy sand. Halimeda. Amphistegina. Marginopora. fragments of smaller finger corals. varicolored. compact clay. volcanic rock fracments. rusty red and brown to grayish green. basaltic andesite with fractures tilled with clay. calcite. and bare.",n/a,n/a,n/a,n/a,n/a,1,drill,n/a,n/a,n/a,n/a,0.01,n/a,n/a,n/a,0.5,0.0,n/a,0.10,n/a,n/a,n/a,n/a,n/a,2.00,n/a,0.51,0.51,-1.22740922358,n/a,n/a,-0.731868141142,-0.532440220943,0.006397903803840,0.54523602855,0.614501324594,n/a,n/a,0.954166761416,-1,5,"marine limiting","Pachyseris, coral in sandy sediments from bore hole ","below MTL",n/a,n/a,0.05,0.05,n/a,n/a,n/a,n/a,n/a,n/a,n/a,n/a,0.52,0.52,n/a,n/a,n/a,n/a,1,"unknown locality and relationship to msl ","hole3;  reworking possible"
619,SLCC665,"Meltzner et al. 2017",8,"Belitung Island, Sunda Shelf",-3.23278,108.0815,1,6431,20,6805.0,6883.0,6727.0,microatolls,n/a,n/a,n/a,n/a,n/a,n/a,"slab analysis and ring counting",n/a,n/a,n/a,n/a,0.01,n/a,n/a,n/a,0.5,0.0,n/A,0.10,n/a,n/a,n/a,n/a,n/a,0.85,n/a,0.51,0.51,-0.918166643379,n/a,n/a,-0.469630326481,-0.406309944414,-0.027197348096500,0.351915248221,0.3918516458,n/a,n/a,0.738415200386,-1,1,"microatoll slab no diedown","Porites taxa not really specified; band of a discoid-shaped reef flat corals with flat dead upper surface and living polyps around the perimeter","below MTL",n/a,n/a,0.05,0.05,n/a,n/a,n/a,n/a,n/a,n/a,n/a,n/a,0.52,0.52,n/a,n/a,n/a,n/a,0,n/a,
